{"host": ["amy poehler", "tina fey"], "extra_stuff:": {"best_dressed": "tina fey", "best_speech": "daniel day-lewis", "extra_awards": {"best use of a large doily": "jennifer lopez", "best swallowed rooster": "adele jergens", "best supporting handjob": "amy adams"}, "host_sentiments": {"amy poehler": {"Number of Tweets": 5846, "Mean Sentiment": 0.3051353108153197, "Std Dev Sentiment": 0.31561159974227937, "Very Positive, Fraction of Tweets": 0.10075265138556277, "Somewhat Positive, Fraction of Tweets": 0.23845364351693465, "Neutral, Fraction of Tweets": 0.31406089633937734, "Somewhat Negative, Fraction of Tweets": 0.021382141635306193, "Very Negative, Fraction of Tweets": 0.0020526855969893944}, "tina fey": {"Number of Tweets": 5849, "Mean Sentiment": 0.3167113040671839, "Std Dev Sentiment": 0.32730495716248803, "Very Positive, Fraction of Tweets": 0.1331851598563857, "Somewhat Positive, Fraction of Tweets": 0.2128568986151479, "Neutral, Fraction of Tweets": 0.3055223115062404, "Somewhat Negative, Fraction of Tweets": 0.022909899128056077, "Very Negative, Fraction of Tweets": 0.0041032655154727305}}}, "extracted_awards": ["best motion picture drama", "best supporting actress in a motion picture", "best supporting actor in television", "best animated feature film", "best speech of the night", "best supporting actress in a television series", "best actor in a comedy", "best actress in a television comedy", "best actress in a mini series or television movie", "best actor in a miniseries/television movie", "best supporting actor in a motion picture", "best miniseries or television movie", "best motion picture screenplay", "best television comedy or musical", "best television series actor", "best actress in a musical or comedy", "best actress in television comedy/musical", "best television series drama", "best drama film is", "best use of a large doily", "best real life quote award", "best outfit of the night", "best punchline by an actress", "best movie - comedy/musical", "best comedy/musical motion picture", "best supporting actor in a movie", "best  acceptance speech so far", "best original song motion picture", "best television series - comedy", "best accessory of the night", "best actor musical or comedy", "best director &amp; best picture", "best thank you to a spouse", "best actress in a television drama"], "cecil b. demille award": {"presenters": ["jodie foster", "zach present"], "winner": "", "nominees": []}, "best motion picture - drama": {"presenters": ["julia roberts", "producers of invasion of the not quite dead"], "winner": "argo", "nominees": ["life of pi", "lincoln", "moonrise kingdom"]}, "best performance by an actress in a motion picture - drama": {"presenters": ["jessica harper", "george clooney"], "winner": "jessica chastain", "nominees": []}, "best performance by an actor in a motion picture - drama": {"presenters": [], "winner": "daniel day-lewis", "nominees": ["denzel wells", "victoria lincoln"]}, "best motion picture - comedy or musical": {"presenters": ["dustin hoffman"], "winner": "les mis\u00e9rables", "nominees": ["life of pi", "argo", "moonrise kingdom"]}, "best performance by an actress in a motion picture - comedy or musical": {"presenters": ["bill clinton"], "winner": "jennifer lawrence", "nominees": ["meryl", "p. sl\u00e1p\u00fd", "silver linings playbook", "fat comedy"]}, "best performance by an actor in a motion picture - comedy or musical": {"presenters": [], "winner": "hugh jackman", "nominees": []}, "best animated feature film": {"presenters": ["sacha baron cohen", "bill skarsg\u00e5rd"], "winner": "brave", "nominees": ["wreck-it ralph"]}, "best foreign language film": {"presenters": ["arnold schwarzenegger", "sylvester stallone"], "winner": "amour", "nominees": ["the expendables 2", "the place beyond the pines", "in another country", "les mis\u00e9rables"]}, "best performance by an actress in a supporting role in a motion picture": {"presenters": ["kerry washington", "dennis quaid"], "winner": "maggie smith", "nominees": []}, "best performance by an actor in a supporting role in a motion picture": {"presenters": ["the stags", "kate hudson"], "winner": "christoph waltz", "nominees": []}, "best director - motion picture": {"presenters": ["van oscar", "victor argo"], "winner": "ben affleck", "nominees": ["argo", "oscar steer", "rab affleck", "win win"]}, "best screenplay - motion picture": {"presenters": ["amanda kimmel", "robert pattinson"], "winner": "quentin tarantino: 20 years of filmmaking", "nominees": ["django unchained"]}, "best original score - motion picture": {"presenters": ["ted knight", "the look"], "winner": "life of pi", "nominees": []}, "best original song - motion picture": {"presenters": [], "winner": "skyfall", "nominees": []}, "best television series - drama": {"presenters": [], "winner": "", "nominees": ["the newsroom"]}, "best performance by an actress in a television series - drama": {"presenters": ["lea michele", "bolshoi symphony orchestra and radio and television"], "winner": "claire danes", "nominees": []}, "best performance by an actor in a television series - drama": {"presenters": [], "winner": "damian lewis", "nominees": ["jeff daniels"]}, "best television series - comedy or musical": {"presenters": ["jimmy fallon", "jay leno"], "winner": "girls", "nominees": []}, "best performance by an actress in a television series - comedy or musical": {"presenters": ["dana dunham", "ted knight"], "winner": "lena dunham", "nominees": ["girls", "george clooney", "heather bitto", "herb andress"]}, "best performance by an actor in a television series - comedy or musical": {"presenters": [], "winner": "don cheadle", "nominees": ["adam carolla", "another sketch comedy show", "matt leblanc", "jim parsons"]}, "best mini-series or motion picture made for television": {"presenters": ["maggie smith", "kerry washington"], "winner": "", "nominees": []}, "best performance by an actress in a mini-series or motion picture made for television": {"presenters": ["bill clinton", "jessica harper"], "winner": "jessica chastain", "nominees": ["meryl", "p. sl\u00e1p\u00fd", "jennifer lawrence", "silver linings playbook"]}, "best performance by an actor in a mini-series or motion picture made for television": {"presenters": [], "winner": "kevin costner", "nominees": ["denzel wells", "daniel day-lewis", "victoria lincoln", "hector lincoln"]}, "best performance by an actress in a supporting role in a series, mini-series or motion picture made for television": {"presenters": ["kerry washington", "dennis quaid"], "winner": "maggie smith", "nominees": []}, "best performance by an actor in a supporting role in a series, mini-series or motion picture made for television": {"presenters": ["the stags", "kate hudson"], "winner": "christoph waltz", "nominees": []}}