{"host": ["amy poehler", "bill hader"], "extra_stuff:": {"best_dressed": "kate hudson", "best_speech": "billy bob thornton", "extra_awards": {"best sparkles award": "ellie kemper", "best hair": "emily blunt", "best smile golden globe": "seth meyers", "best seat in the house": "paul rudd", "best reaction face of the night": "jessica chastain", "best appearance on a starlet's sex list": "jamie dornan", "best ad lib of the night": "jeremy renner", "best adlib of the evening": "renner", "best acceptance of the night": "billy bob thornton", "best guest starring role on transparent": "bruce benner", "best mascara of the night": "alan cummings", "best nomination introduction": "ricky gervais", "best nomination face of the evening": "louis c.k.", "best supporting porn mustache": "colin farrell", "best unsuppotive bra in a supporting role": "maggie gyllenhaal", "best permanent frown @ golden globes": "frances mcdormand", "best performance by  recipient": "kevin spacey", "best tie clip award seat": "robert downey jr."}, "host_sentiments": {"amy poehler": {"Number of Tweets": 28918, "Mean Sentiment": 0.23713243633579434, "Std Dev Sentiment": 0.29423561708278007, "Very Positive, Fraction of Tweets": 0.139186665744519, "Somewhat Positive, Fraction of Tweets": 0.3791755999723356, "Neutral, Fraction of Tweets": 0.31838301403969843, "Somewhat Negative, Fraction of Tweets": 0.05788782073449063, "Very Negative, Fraction of Tweets": 0.0038384397261221385}, "bill hader": {"Number of Tweets": 8794, "Mean Sentiment": 0.06607825034543537, "Std Dev Sentiment": 0.24529159673184298, "Very Positive, Fraction of Tweets": 0.018876506709119854, "Somewhat Positive, Fraction of Tweets": 0.1964976120081874, "Neutral, Fraction of Tweets": 0.5615192176483966, "Somewhat Negative, Fraction of Tweets": 0.13702524448487605, "Very Negative, Fraction of Tweets": 0.007163975437798499}}}, "extracted_awards": ["best supporting actress in a motion picture", "best original song in a motion picture", "best animated feature film", "best supporting actor in a motion picture", "best motion picture drama", "best supporting actor in a television series", "best actor in a television drama", "best mini-series or television movie", "best actor in a television movie or miniseries", "best speech of the night", "best actor in a television comedy", "best actress in a television drama", "best actress in a motion picture musical or comedy", "best actor in a motion picture comedy", "best television series drama", "best television comedy or musical", "best actress in a television movie or miniseries", "best miniseries or motion picture made ", "best original score in a motion picture", "best actor in a mini-series", "best actor in a comedy or musical", "best speech so far", "best director - motion picture"], "cecil b. demille award": {"presenters": ["julianna margulies", "don cheadle"], "winner": "george clooney", "nominees": ["cecil b. demille", "sol byron and the senate", "surprise", "nick roast"]}, "best motion picture - drama": {"presenters": ["meryl streep", "beverly h."], "winner": "boyhood", "nominees": ["i, frankenstein", "selma", "21 years: richard linklater", "the oscars"]}, "best performance by an actress in a motion picture - drama": {"presenters": ["cinzia th. torrini", "matthew mcconaughey"], "winner": "julianne moore", "nominees": ["gone girl", "hand", "john aniston", "felicity jones"]}, "best performance by an actor in a motion picture - drama": {"presenters": ["sunday night", "gwyneth paltrow"], "winner": "eddie redmayne", "nominees": ["the theories", "cards against humanity", "of leaves the house", "kevin spacey"]}, "best motion picture - comedy or musical": {"presenters": ["mert g\u00fcm\u00fcs", "gma"], "winner": "the grand budapest hotel", "nominees": ["birdman or (the unexpected virtue of ignorance)"]}, "best performance by an actress in a motion picture - comedy or musical": {"presenters": ["livestream", "su-an kim"], "winner": "amy adams", "nominees": ["willie 'big eyes' smith", "fat comedy", "pilot", "emily blunt"]}, "best performance by an actor in a motion picture - comedy or musical": {"presenters": ["amy adams", "birdman"], "winner": "michael keaton", "nominees": ["mr. king"]}, "best animated feature film": {"presenters": ["arthur dragon", "sunday night"], "winner": "how to train your dragon 2", "nominees": ["the lego movie", "big hero 6"]}, "best foreign language film": {"presenters": ["leviathan grant", "sunday night"], "winner": "leviathan", "nominees": ["force majeure", "selma"]}, "best performance by an actress in a supporting role in a motion picture": {"presenters": ["su-an kim", "jared haibon"], "winner": "patricia arquette", "nominees": ["boyhood", "meryl", "your dad", "zac hug"]}, "best performance by an actor in a supporting role in a motion picture": {"presenters": ["jennifer aniston", "benedict cumberbatch"], "winner": "matt bomer", "nominees": ["j.k. simmons", "jordan zakarin", "whiplash", "veterans of ww2"]}, "best director - motion picture": {"presenters": ["harrison ford", "director x."], "winner": "richard linklater", "nominees": ["birdman", "boyhood", "selma bj\u00f6rnsd\u00f3ttir", "team the stunt"]}, "best screenplay - motion picture": {"presenters": ["stephane beve", "sunday night"], "winner": "birdman or (the unexpected virtue of ignorance)", "nominees": ["the grand budapest hotel", "boyhood", "the signal"]}, "best original score - motion picture": {"presenters": ["su-an kim", "the theories"], "winner": "the theory of everything", "nominees": ["birdman or (the unexpected virtue of ignorance)", "the lego movie"]}, "best original song - motion picture": {"presenters": ["prince", "john legend"], "winner": "", "nominees": ["movie", "the good lie", "h\u00f4s\u00f4 kinshi the movie: senn\u00f4 jaakunaru tetsu no image", "big eyes"]}, "best television series - drama": {"presenters": ["david duchovny", "category six"], "winner": "the affair", "nominees": []}, "best performance by an actress in a television series - drama": {"presenters": ["chris pratt", "anna faris"], "winner": "ruth wilson", "nominees": ["bolshoi symphony orchestra and radio and television", "viola davis", "tom davis", "person of interest"]}, "best performance by an actor in a television series - drama": {"presenters": ["david duchovny", "katherine heigl"], "winner": "kevin spacey", "nominees": ["cards against humanity", "alex house", "james spader", "of leaves the house"]}, "best television series - comedy or musical": {"presenters": ["transparent-musik", "gabriel sunday"], "winner": "transparent", "nominees": ["jane the virgin", "silicon valley"]}, "best performance by an actress in a television series - comedy or musical": {"presenters": ["kerry washington", "bryan cranston"], "winner": "gina rodriguez", "nominees": ["jane tucker", "lena dunham", "ti official", "the virgins"]}, "best performance by an actor in a television series - comedy or musical": {"presenters": ["lily tomlin", "jane fonda"], "winner": "jeffrey tambor", "nominees": ["william h", "louis c.k.", "leonie gervais"]}, "best mini-series or motion picture made for television": {"presenters": ["jennifer lopez", "jeremy renner"], "winner": "", "nominees": ["movie"]}, "best performance by an actress in a mini-series or motion picture made for television": {"presenters": ["livestream", "cinzia th. torrini"], "winner": "julianne moore", "nominees": ["garbage", "gone girl", "willie 'big eyes' smith", "maggie gyllenhaal"]}, "best performance by an actor in a mini-series or motion picture made for television": {"presenters": ["michael keaton", "sunday night"], "winner": "eddie redmayne", "nominees": ["birdman", "garbage", "eddie murphy", "kevin spacey"]}, "best performance by an actress in a supporting role in a series, mini-series or motion picture made for television": {"presenters": ["su-an kim", "jared haibon"], "winner": "patricia arquette", "nominees": ["boyhood", "meryl", "zac hug", "your dad"]}, "best performance by an actor in a supporting role in a series, mini-series or motion picture made for television": {"presenters": ["jennifer aniston", "benedict cumberbatch"], "winner": "matt bomer", "nominees": ["j.k. simmons", "jordan zakarin", "veterans of ww2", "tv on the radio"]}}